{"epoch":10,"loss":0.0989127248339355,"_timestamp":1.7513699327628605e+09,"_runtime":192.65261219,"_step":9,"_wandb":{"runtime":323}}